Entry,Team,File,Link
A,Tokyo Sprinters,A.jpeg,https://x.com/DoorMan_ww/status/1732019860480065866?s=20
B,Pretty Poison,B.jpeg,https://x.com/madebywagner/status/1732158337393852869?s=20
C,Blade Racing,C.jpeg,https://twitter.com/JohnieBthatsme/status/1732196657574433033?s=20
D,Frontrunner,D.jpeg,https://twitter.com/CryptoPatrick01/status/1732329781004320806
E,Nightkids,E.mp4,https://twitter.com/LaissezEth/status/1732364506406478129
F,Endurance,F.jpeg,https://twitter.com/highend887/status/1732371109415137726
G,Driftin Wilders,G.jpeg,https://twitter.com/23Nitro23/status/1732424761417023515
H,Blue,H.jpeg,https://twitter.com/headsup091/status/1732482284492640663
I,Wild & Wilder,I.jpeg,https://x.com/cryptomakescnts/status/1732822387068961096?s=46
J,VeloCity Racing,J.jpeg,https://twitter.com/leahdesign/status/1733528602589757929?t=hJuX4xdmHwWeph2emqdxKA&s=19
K,369 Retro Racing,K.jpeg,https://x.com/GuavaJ8/status/1732937918782599265?s=20
L,Fashion,L.jpeg,https://twitter.com/Pyroblast11194/status/1733031047342772483
M,Wild Pineapple Racing,M.jpeg,https://twitter.com/BelsheBits/status/1733170412178325995
N,Team Nine Lives,N.mp4,https://twitter.com/ReneCrypto2/status/1733457465667096978
O,FJ Racing team,O.jpeg,https://twitter.com/JeffEngelberti1/status/1732384697454350342
P,Zephirus,P.jpeg,https://twitter.com/JulienSky7/status/1733547003534057980?s=20
Q,AnRo Racing Team,Q.jpeg,https://x.com/Andii90x/status/1733611100380287182?s=20
R,Team Wenwudi,R.jpeg,https://x.com/ValeChiChi22/status/1733873476102979788?s=20
S,Cream of the Crop,S.jpeg,https://x.com/l0rdbuddy/status/1733829925772144975?s=46&t=ehchHDuLrcV3vjzeKRfxuA
T,Piston Fury,T.jpeg,https://x.com/berybuba/status/1733900169333064118?s=20
U,Dune Crew Racers,U.jpeg,https://twitter.com/EvolvingFirefly/status/1733951008391250019?s=20
V,Neon Nights Racing,V.jpeg,https://x.com/hax0rizu/status/1733978188039000172?s=20
W,MEOWWA,W.jpeg,https://twitter.com/StonkMaster_NFA/status/1733981684704383107
X,Domino,X.mp4,https://x.com/HeavyRainInd/status/1734058791807951352?s=20
Y,WHISKERS IN PURRSUIT,Y.jpeg,https://twitter.com/padraicmcgross/status/1734111459703976129?s=20
Z,OCEAN,Z.jpeg,https://twitter.com/braveheart39393/status/1734115132890898804
AA,Rodeo Drive Racing,AA.mp4,https://twitter.com/Wild_in_Wiami/status/1734147829948670348?t=PJItXbbj6PvXa9YB7rsvvw&s=19
AB,Zentropy,AB.jpeg,https://twitter.com/FayzWilder/status/1734032049785155610?t=tOZxEjMKGMgqCLqgsoBh9g&s=19
AC,Cosmic Cowboys,AC.jpeg,https://twitter.com/bastardsofearl1/status/1734213001845100705?s=46&t=5Le7OMwwxH5SfJa2M4MHCA
AD,MADSRAIDER,AD.mp4,https://twitter.com/RcMacz/status/1734214812677345513?t=rzEKWp4WBh9bBmm8MATxng&s=19
AE,Boost Racing Team,AE.jpeg,https://twitter.com/tinobambino13/status/1734290914347229670?s=46
AF,Dark Matter,AF.mp4,https://twitter.com/michael_gaio/status/1734299329211572574?s=61&t=qkHH-YU8yq8B9xwhi7b0hg
AG,Redliners,AG.jpeg,https://twitter.com/endlessjenkem/status/1734297642824519813?t=-pb530MEKDpnLkKwKaqpqQ&s=19
AH,NEONS,AH.jpeg,https://x.com/sepehrious/status/1734301078995509286?s=46&t=0hhShifNgPNBEdpdkLjmDg
AI,QQ (QuantumQuick),AI.jpeg,https://twitter.com/soliptonft/status/1734257918021718156?s=20
AJ,Trias,AJ.jpeg,https://x.com/SixWilder99796/status/1734632755244273862?s=20 
AK,PHANTOM LEDGER,AK.jpeg,https://x.com/365sma11/status/1732270800571650559?s=20
